Workbook
Name Slicer_season_label: #N/A
Name Slicer_yr_label: #N/A

Sheet Dashboard
B1: Bike Sharing Demand Dashboard - Capital Bikeshare 2011-2012
B8: Total Rides | D8: Average Daily Rides | F8: YoY Growth | H8: Casual Vs. Registered Split
B9: ='Dashboard_pivot _tables'!L1 -> 3292679 | D9: ='Dashboard_pivot _tables'!L2 -> 4504.3488 | F9: ='Dashboard_pivot _tables'!L6 -> 0.64425318 | H9: ='Dashboard_pivot _tables'!L10 -> 0.18830168
B43: Note: Season labels corrected to meteorological groupings.
B44: Data Source: UCI ML Repository

Sheet Dashboard_pivot _tables
A1: Years (dteday) | B1: Months (dteday) | C1: Average of cnt | K1: Total rides | L1: =SUM(Prepared_data!P2:P732) -> 3292679
A2: 2011 | B2: Jan | C2: 1231.9032 | K2: Average daily rides | L2: =AVERAGE(Prepared_data!P2:P732) -> 4504.3488
A3: 2011 | B3: Feb | C3: 1721.9643
A4: 2011 | B4: Mar | C4: 2065.9677 | K4: 2011 Avg | L4: =AVERAGEIF(Prepared_data!D:D, 0, Prepared_data!P:P) -> 3405.7616
A5: 2011 | B5: Apr | C5: 3162.3333 | K5: 2012 Avg | L5: =AVERAGEIF(Prepared_data!D:D,1,Prepared_data!P:P) -> 5599.9344
A6: 2011 | B6: May | C6: 4381.3226 | K6: growth | L6: =(L5-L4)/L4 -> 0.64425318
A7: 2011 | B7: Jun | C7: 4783.7333
A8: 2011 | B8: Jul | C8: 4559.3871 | K8: total casual riders | L8: =SUM(Prepared_data!N:N) -> 620017
A9: 2011 | B9: Aug | C9: 4409.3871 | K9: total registered riders | L9: =SUM(Prepared_data!O:O) -> 2672662
A10: 2011 | B10: Sep | C10: 4247.2667 | K10: Casual vs. Registered split (%) | L10: =L8/L1 -> 0.18830168
A11: 2011 | B11: Oct | C11: 3984.2258
A12: 2011 | B12: Nov | C12: 3405.5667
A13: 2011 | B13: Dec | C13: 2816.871
A14: 2012 | B14: Jan | C14: 3120.7742
A15: 2012 | B15: Feb | C15: 3556.4483
A16: 2012 | B16: Mar | C16: 5318.5484
A17: 2012 | B17: Apr | C17: 5807.4667
A18: 2012 | B18: May | C18: 6318.2258
A19: 2012 | B19: Jun | C19: 6761
A20: 2012 | B20: Jul | C20: 6567.9677
A21: 2012 | B21: Aug | C21: 6919.4516
A22: 2012 | B22: Sep | C22: 7285.7667
... A25: 2012 | B25: Dec | C25: 3990.7419
A26: Grand Total | C26: 4504.3488
A29: Row Labels | B29: Average of cnt
A30: Fall | B30: 4728.1629
A31: Spring | B31: 4992.3315
A32: Summer | B32: 5644.3032
A33: Winter | B33: 2604.1326
A34: Grand Total | B34: 4504.3488

Sheet Exploratory_pivot_tables
A3: Row Labels | B3: Average of cnt
A4: Fall | B4: 4728.1629
A5: Spring | B5: 4992.3315
A6: Summer | B6: 5644.3032
A7: Winter | B7: 2604.1326
A8: Grand Total | B8: 4504.3488
A11: Row Labels | B11: Average of cnt
A12: 0 | B12: 4330.1688
A13: 1 | B13: 4584.82
A14: Grand Total | B14: 4504.3488
A17: Row Labels | B17: Average of casual | C17: Average of registered
A18: 0 | B18: 1371.1342 | C18: 2959.0346
A19: 1 | B19: 606.57 | C19: 3978.25
A20: Grand Total | B20: 848.17647 | C20: 3656.1724
A23: Row Labels | B23: Average of cnt
A24: Clear | B24: 4876.7862
A25: Light Snow/Rain | B25: 1803.2857
A26: Misty/Cloudy | B26: 4035.8623
A27: Grand Total | B27: 4504.3488
A30: Average of cnt | B30: Column Labels
A31: Row Labels | B31: Clear | C31: Light Snow/Rain | D31: Misty/Cloudy | E31: Grand Total
A32: Fall | B32: 5043.5631 | C32: 1961.6 | D32: 4654 | E32: 4728.1629
A33: Spring | B33: 5548.5487 | C33: 1169 | D33: 4236.7059 | E33: 4992.3315
A34: Summer | B34: 5878.2574 | C34: 2751.75 | D34: 5222.4792 | E34: 5644.3032
A35: Winter | B35: 2811.1351 | C35: 934.75 | D35: 2357.1667 | E35: 2604.1326
A36: Grand Total | B36: 4876.7862 | C36: 1803.2857 | D36: 4035.8623 | E36: 4504.3488

Sheet Lookup
A1: Season | D1: Year | G1: Weather Situation | J1: Month | M1: Weekday
A2: Code | B2: Labal | D2: Code | E2: Label | G2: Code | H2: Label | J2: Code | K2: Label | M2: Code | N2: Label
A3: 1 | B3: Winter | D3: 0 | E3: 2011 | G3: 1 | H3: Clear | J3: 1 | K3: January | M3: 0 | N3: Sunday
A4: 2 | B4: Spring | D4: 1 | E4: 2012 | G4: 2 | H4: Misty/Cloudy | J4: 2 | K4: February | M4: 1 | N4: Monday
A5: 3 | B5: Summer | G5: 3 | H5: Light Snow/Rain | J5: 3 | K5: March | M5: 2 | N5: Tuesday
A6: 4 | B6: Fall | G6: 4 | H6: Heavy Rain/Snow | J6: 4 | K6: April | M6: 3 | N6: Wednesday
J7: 5 | K7: May | M7: 4 | N7: Thursday
J8: 6 | K8: June | M8: 5 | N8: Friday
J9: 7 | K9: July | M9: 6 | N9: Saturday
J10: 8 | K10: August
J11: 9 | K11: September
J12: 10 | K12: October
J13: 11 | K13: November
J14: 12 | K14: December

Sheet Prepared_data
A1: instant | B1: dteday | C1: season | D1: yr | E1: mnth | F1: holiday | G1: weekday | H1: workingday | I1: weathersit | J1: temp | K1: atemp | L1: hum | M1: windspeed | N1: casual | O1: registered | P1: cnt | Q1: temp_actual | R1: atemp_actual | S1: hum_actual | T1: windspeed_actual | U1: season_label | V1: yr_label | W1: weathersit_label | X1: mnth_label | Y1: weekday_label
A2: 1 | B2: 40544 | C2: 1 | D2: 0 | E2: 1 | F2: 0 | G2: 6 | H2: 0 | I2: 2 | J2: 0.344167 | K2: 0.363625 | L2: 0.805833 | M2: 0.160446 | N2: 331 | O2: 654 | P2: 985 | Q2: =J2*47-8 -> 8.175849 | R2: =K2*66-16 -> 7.99925 | S2: =L2*100 -> 80.5833 | T2: =M2*67 -> 10.749882 | U2: =_xlfn.XLOOKUP(C2,Lookup!$A$3:$A$6,Lookup!$B$3:$B$6) -> Winter | V2: =_xlfn.XLOOKUP(D2,Lookup!$D$3:$D$4,Lookup!$E$3:$E$4) -> 2011 | W2: =_xlfn.XLOOKUP(I2,Lookup!$G$3:$G$6,Lookup!$H$3:$H$6) -> Misty/Cloudy | X2: =_xlfn.XLOOKUP(E2,Lookup!$J$3:$J$14,Lookup!$K$3:$K$14) -> January | Y2: =_xlfn.XLOOKUP(G2,Lookup!$M$3:$M$9,Lookup!$N$3:$N$9) -> Saturday
A3: 2 | B3: 40545 | C3: 1 | D3: 0 | E3: 1 | F3: 0 | G3: 0 | H3: 0 | I3: 2 | J3: 0.363478 | K3: 0.353739 | L3: 0.696087 | M3: 0.248539 | N3: 131 | O3: 670 | P3: 801 | Q3: =J3*47-8 -> 9.083466 | R3: =K3*66-16 -> 7.346774 | S3: =L3*100 -> 69.6087 | T3: =M3*67 -> 16.652113 | U3: =_xlfn.XLOOKUP(C3,Lookup!$A$3:$A$6,Lookup!$B$3:$B$6) -> Winter | V3: =_xlfn.XLOOKUP(D3,Lookup!$D$3:$D$4,Lookup!$E$3:$E$4) -> 2011 | W3: =_xlfn.XLOOKUP(I3,Lookup!$G$3:$G$6,Lookup!$H$3:$H$6) -> Misty/Cloudy | X3: =_xlfn.XLOOKUP(E3,Lookup!$J$3:$J$14,Lookup!$K$3:$K$14) -> January | Y3: =_xlfn.XLOOKUP(G3,Lookup!$M$3:$M$9,Lookup!$N$3:$N$9) -> Sunday
A4: 3 | B4: 40546 | C4: 1 | D4: 0 | E4: 1 | F4: 0 | G4: 1 | H4: 1 | I4: 1 | J4: 0.196364 | K4: 0.189405 | L4: 0.437273 | M4: 0.248309 | N4: 120 | O4: 1229 | P4: 1349 | Q4: =J4*47-8 -> 1.229108 | R4: =K4*66-16 -> -3.49927 | S4: =L4*100 -> 43.7273 | T4: =M4*67 -> 16.636703 | U4: =_xlfn.XLOOKUP(C4,Lookup!$A$3:$A$6,Lookup!$B$3:$B$6) -> Winter | V4: =_xlfn.XLOOKUP(D4,Lookup!$D$3:$D$4,Lookup!$E$3:$E$4) -> 2011 | W4: =_xlfn.XLOOKUP(I4,Lookup!$G$3:$G$6,Lookup!$H$3:$H$6) -> Clear | X4: =_xlfn.XLOOKUP(E4,Lookup!$J$3:$J$14,Lookup!$K$3:$K$14) -> January | Y4: =_xlfn.XLOOKUP(G4,Lookup!$M$3:$M$9,Lookup!$N$3:$N$9) -> Monday
A5: 4 | B5: 40547 | C5: 1 | D5: 0 | E5: 1 | F5: 0 | G5: 2 | H5: 1 | I5: 1 | J5: 0.2 | K5: 0.212122 | L5: 0.590435 | M5: 0.160296 | N5: 108 | O5: 1454 | P5: 1562 | Q5: =J5*47-8 -> 1.4 | R5: =K5*66-16 -> -1.999948 | S5: =L5*100 -> 59.0435 | T5: =M5*67 -> 10.739832 | U5: =_xlfn.XLOOKUP(C5,Lookup!$A$3:$A$6,Lookup!$B$3:$B$6) -> Winter | V5: =_xlfn.XLOOKUP(D5,Lookup!$D$3:$D$4,Lookup!$E$3:$E$4) -> 2011 | W5: =_xlfn.XLOOKUP(I5,Lookup!$G$3:$G$6,Lookup!$H$3:$H$6) -> Clear | X5: =_xlfn.XLOOKUP(E5,Lookup!$J$3:$J$14,Lookup!$K$3:$K$14) -> January | Y5: =_xlfn.XLOOKUP(G5,Lookup!$M$3:$M$9,Lookup!$N$3:$N$9) -> Tuesday
A6: 5 | B6: 40548 | C6: 1 | D6: 0 | E6: 1 | F6: 0 | G6: 3 | H6: 1 | I6: 1 | J6: 0.226957 | K6: 0.22927 | L6: 0.436957 | M6: 0.1869 | N6: 82 | O6: 1518 | P6: 1600 | Q6: =J6*47-8 -> 2.666979 | R6: =K6*66-16 -> -0.86818 | S6: =L6*100 -> 43.6957 | T6: =M6*67 -> 12.5223 | U6: =_xlfn.XLOOKUP(C6,Lookup!$A$3:$A$6,Lookup!$B$3:$B$6) -> Winter | V6: =_xlfn.XLOOKUP(D6,Lookup!$D$3:$D$4,Lookup!$E$3:$E$4) -> 2011 | W6: =_xlfn.XLOOKUP(I6,Lookup!$G$3:$G$6,Lookup!$H$3:$H$6) -> Clear | X6: =_xlfn.XLOOKUP(E6,Lookup!$J$3:$J$14,Lookup!$K$3:$K$14) -> January | Y6: =_xlfn.XLOOKUP(G6,Lookup!$M$3:$M$9,Lookup!$N$3:$N$9) -> Wednesday
A7: 6 | B7: 40549 | C7: 1 | D7: 0 | E7: 1 | F7: 0 | G7: 4 | H7: 1 | I7: 1 | J7: 0.204348 | K7: 0.233209 | L7: 0.518261 | M7: 0.0895652 | N7: 88 | O7: 1518 | P7: 1606 | Q7: =J7*47-8 -> 1.604356 | R7: =K7*66-16 -> -0.608206 | S7: =L7*100 -> 51.8261 | T7: =M7*67 -> 6.0008684 | U7: =_xlfn.XLOOKUP(C7,Lookup!$A$3:$A$6,Lookup!$B$3:$B$6) -> Winter | V7: =_xlfn.XLOOKUP(D7,Lookup!$D$3:$D$4,Lookup!$E$3:$E$4) -> 2011 | W7: =_xlfn.XLOOKUP(I7,Lookup!$G$3:$G$6,Lookup!$H$3:$H$6) -> Clear | X7: =_xlfn.XLOOKUP(E7,Lookup!$J$3:$J$14,Lookup!$K$3:$K$14) -> January | Y7: =_xlfn.XLOOKUP(G7,Lookup!$M$3:$M$9,Lookup!$N$3:$N$9) -> Thursday
A8: 7 | B8: 40550 | C8: 1 | D8: 0 | E8: 1 | F8: 0 | G8: 5 | H8: 1 | I8: 2 | J8: 0.196522 | K8: 0.208839 | L8: 0.498696 | M8: 0.168726 | N8: 148 | O8: 1362 | P8: 1510 | Q8: =J8*47-8 -> 1.236534 | R8: =K8*66-16 -> -2.216626 | S8: =L8*100 -> 49.8696 | T8: =M8*67 -> 11.304642 | U8: =_xlfn.XLOOKUP(C8,Lookup!$A$3:$A$6,Lookup!$B$3:$B$6) -> Winter | V8: =_xlfn.XLOOKUP(D8,Lookup!$D$3:$D$4,Lookup!$E$3:$E$4) -> 2011 | W8: =_xlfn.XLOOKUP(I8,Lookup!$G$3:$G$6,Lookup!$H$3:$H$6) -> Misty/Cloudy | X8: =_xlfn.XLOOKUP(E8,Lookup!$J$3:$J$14,Lookup!$K$3:$K$14) -> January | Y8: =_xlfn.XLOOKUP(G8,Lookup!$M$3:$M$9,Lookup!$N$3:$N$9) -> Friday
A9: 8 | B9: 40551 | C9: 1 | D9: 0 | E9: 1 | F9: 0 | G9: 6 | H9: 0 | I9: 2 | J9: 0.165 | K9: 0.162254 | L9: 0.535833 | M9: 0.266804 | N9: 68 | O9: 891 | P9: 959 | Q9: =J9*47-8 -> -0.245 | R9: =K9*66-16 -> -5.291236 | S9: =L9*100 -> 53.5833 | T9: =M9*67 -> 17.875868 | U9: =_xlfn.XLOOKUP(C9,Lookup!$A$3:$A$6,Lookup!$B$3:$B$6) -> Winter | V9: =_xlfn.XLOOKUP(D9,Lookup!$D$3:$D$4,Lookup!$E$3:$E$4) -> 2011 | W9: =_xlfn.XLOOKUP(I9,Lookup!$G$3:$G$6,Lookup!$H$3:$H$6) -> Misty/Cloudy | X9: =_xlfn.XLOOKUP(E9,Lookup!$J$3:$J$14,Lookup!$K$3:$K$14) -> January | Y9: =_xlfn.XLOOKUP(G9,Lookup!$M$3:$M$9,Lookup!$N$3:$N$9) -> Saturday
A10: 9 | B10: 40552 | C10: 1 | D10: 0 | E10: 1 | F10: 0 | G10: 0 | H10: 0 | I10: 1 | J10: 0.138333 | K10: 0.116175 | L10: 0.434167 | M10: 0.36195 | N10: 54 | O10: 768 | P10: 822 | Q10: =J10*47-8 -> -1.498349 | R10: =K10*66-16 -> -8.33245 | S10: =L10*100 -> 43.4167 | T10: =M10*67 -> 24.25065 | U10: =_xlfn.XLOOKUP(C10,Lookup!$A$3:$A$6,Lookup!$B$3:$B$6) -> Winter | V10: =_xlfn.XLOOKUP(D10,Lookup!$D$3:$D$4,Lookup!$E$3:$E$4) -> 2011 | W10: =_xlfn.XLOOKUP(I10,Lookup!$G$3:$G$6,Lookup!$H$3:$H$6) -> Clear | X10: =_xlfn.XLOOKUP(E10,Lookup!$J$3:$J$14,Lookup!$K$3:$K$14) -> January | Y10: =_xlfn.XLOOKUP(G10,Lookup!$M$3:$M$9,Lookup!$N$3:$N$9) -> Sunday
A11: 10 | B11: 40553 | C11: 1 | D11: 0 | E11: 1 | F11: 0 | G11: 1 | H11: 1 | I11: 1 | J11: 0.150833 | K11: 0.150888 | L11: 0.482917 | M11: 0.223267 | N11: 41 | O11: 1280 | P11: 1321 | Q11: =J11*47-8 -> -0.910849 | R11: =K11*66-16 -> -6.041392 | S11: =L11*100 -> 48.2917 | T11: =M11*67 -> 14.958889 | U11: =_xlfn.XLOOKUP(C11,Lookup!$A$3:$A$6,Lookup!$B$3:$B$6) -> Winter | V11: =_xlfn.XLOOKUP(D11,Lookup!$D$3:$D$4,Lookup!$E$3:$E$4) -> 2011 | W11: =_xlfn.XLOOKUP(I11,Lookup!$G$3:$G$6,Lookup!$H$3:$H$6) -> Clear | X11: =_xlfn.XLOOKUP(E11,Lookup!$J$3:$J$14,Lookup!$K$3:$K$14) -> January | Y11: =_xlfn.XLOOKUP(G11,Lookup!$M$3:$M$9,Lookup!$N$3:$N$9) -> Monday
A12: 11 | B12: 40554 | C12: 1 | D12: 0 | E12: 1 | F12: 0 | G12: 2 | H12: 1 | I12: 2 | J12: 0.169091 | K12: 0.191464 | L12: 0.686364 | M12: 0.122132 | N12: 43 | O12: 1220 | P12: 1263 | Q12: =J12*47-8 -> -0.052723 | R12: =K12*66-16 -> -3.363376 | S12: =L12*100 -> 68.6364 | T12: =M12*67 -> 8.182844 | U12: =_xlfn.XLOOKUP(C12,Lookup!$A$3:$A$6,Lookup!$B$3:$B$6) -> Winter | V12: =_xlfn.XLOOKUP(D12,Lookup!$D$3:$D$4,Lookup!$E$3:$E$4) -> 2011 | W12: =_xlfn.XLOOKUP(I12,Lookup!$G$3:$G$6,Lookup!$H$3:$H$6) -> Misty/Cloudy | X12: =_xlfn.XLOOKUP(E12,Lookup!$J$3:$J$14,Lookup!$K$3:$K$14) -> January | Y12: =_xlfn.XLOOKUP(G12,Lookup!$M$3:$M$9,Lookup!$N$3:$N$9) -> Tuesday
A13: 12 | B13: 40555 | C13: 1 | D13: 0 | E13: 1 | F13: 0 | G13: 3 | H13: 1 | I13: 1 | J13: 0.172727 | K13: 0.160473 | L13: 0.599545 | M13: 0.304627 | N13: 25 | O13: 1137 | P13: 1162 | Q13: =J13*47-8 -> 0.118169 | R13: =K13*66-16 -> -5.408782 | S13: =L13*100 -> 59.9545 | T13: =M13*67 -> 20.410009 | U13: =_xlfn.XLOOKUP(C13,Lookup!$A$3:$A$6,Lookup!$B$3:$B$6) -> Winter | V13: =_xlfn.XLOOKUP(D13,Lookup!$D$3:$D$4,Lookup!$E$3:$E$4) -> 2011 | W13: =_xlfn.XLOOKUP(I13,Lookup!$G$3:$G$6,Lookup!$H$3:$H$6) -> Clear | X13: =_xlfn.XLOOKUP(E13,Lookup!$J$3:$J$14,Lookup!$K$3:$K$14) -> January | Y13: =_xlfn.XLOOKUP(G13,Lookup!$M$3:$M$9,Lookup!$N$3:$N$9) -> Wednesday
... A732: 731 | B732: 41274 | C732: 1 | D732: 1 | E732: 12 | F732: 0 | G732: 1 | H732: 1 | I732: 2 | J732: 0.215833 | K732: 0.223487 | L732: 0.5775 | M732: 0.154846 | N732: 439 | O732: 2290 | P732: 2729 | Q732: =J732*47-8 -> 2.144151 | R732: =K732*66-16 -> -1.249858 | S732: =L732*100 -> 57.75 | T732: =M732*67 -> 10.374682 | U732: =_xlfn.XLOOKUP(C732,Lookup!$A$3:$A$6,Lookup!$B$3:$B$6) -> Winter | V732: =_xlfn.XLOOKUP(D732,Lookup!$D$3:$D$4,Lookup!$E$3:$E$4) -> 2012 | W732: =_xlfn.XLOOKUP(I732,Lookup!$G$3:$G$6,Lookup!$H$3:$H$6) -> Misty/Cloudy | X732: =_xlfn.XLOOKUP(E732,Lookup!$J$3:$J$14,Lookup!$K$3:$K$14) -> December | Y732: =_xlfn.XLOOKUP(G732,Lookup!$M$3:$M$9,Lookup!$N$3:$N$9) -> Monday

Sheet Raw_data
A1: instant | B1: dteday | C1: season | D1: yr | E1: mnth | F1: holiday | G1: weekday | H1: workingday | I1: weathersit | J1: temp | K1: atemp | L1: hum | M1: windspeed | N1: casual | O1: registered | P1: cnt
A2: 1 | B2: 40544 | C2: 1 | D2: 0 | E2: 1 | F2: 0 | G2: 6 | H2: 0 | I2: 2 | J2: 0.344167 | K2: 0.363625 | L2: 0.805833 | M2: 0.160446 | N2: 331 | O2: 654 | P2: 985
A3: 2 | B3: 40545 | C3: 1 | D3: 0 | E3: 1 | F3: 0 | G3: 0 | H3: 0 | I3: 2 | J3: 0.363478 | K3: 0.353739 | L3: 0.696087 | M3: 0.248539 | N3: 131 | O3: 670 | P3: 801
A4: 3 | B4: 40546 | C4: 1 | D4: 0 | E4: 1 | F4: 0 | G4: 1 | H4: 1 | I4: 1 | J4: 0.196364 | K4: 0.189405 | L4: 0.437273 | M4: 0.248309 | N4: 120 | O4: 1229 | P4: 1349
A5: 4 | B5: 40547 | C5: 1 | D5: 0 | E5: 1 | F5: 0 | G5: 2 | H5: 1 | I5: 1 | J5: 0.2 | K5: 0.212122 | L5: 0.590435 | M5: 0.160296 | N5: 108 | O5: 1454 | P5: 1562
A6: 5 | B6: 40548 | C6: 1 | D6: 0 | E6: 1 | F6: 0 | G6: 3 | H6: 1 | I6: 1 | J6: 0.226957 | K6: 0.22927 | L6: 0.436957 | M6: 0.1869 | N6: 82 | O6: 1518 | P6: 1600
A7: 6 | B7: 40549 | C7: 1 | D7: 0 | E7: 1 | F7: 0 | G7: 4 | H7: 1 | I7: 1 | J7: 0.204348 | K7: 0.233209 | L7: 0.518261 | M7: 0.0895652 | N7: 88 | O7: 1518 | P7: 1606
A8: 7 | B8: 40550 | C8: 1 | D8: 0 | E8: 1 | F8: 0 | G8: 5 | H8: 1 | I8: 2 | J8: 0.196522 | K8: 0.208839 | L8: 0.498696 | M8: 0.168726 | N8: 148 | O8: 1362 | P8: 1510
A9: 8 | B9: 40551 | C9: 1 | D9: 0 | E9: 1 | F9: 0 | G9: 6 | H9: 0 | I9: 2 | J9: 0.165 | K9: 0.162254 | L9: 0.535833 | M9: 0.266804 | N9: 68 | O9: 891 | P9: 959
A10: 9 | B10: 40552 | C10: 1 | D10: 0 | E10: 1 | F10: 0 | G10: 0 | H10: 0 | I10: 1 | J10: 0.138333 | K10: 0.116175 | L10: 0.434167 | M10: 0.36195 | N10: 54 | O10: 768 | P10: 822
A11: 10 | B11: 40553 | C11: 1 | D11: 0 | E11: 1 | F11: 0 | G11: 1 | H11: 1 | I11: 1 | J11: 0.150833 | K11: 0.150888 | L11: 0.482917 | M11: 0.223267 | N11: 41 | O11: 1280 | P11: 1321
A12: 11 | B12: 40554 | C12: 1 | D12: 0 | E12: 1 | F12: 0 | G12: 2 | H12: 1 | I12: 2 | J12: 0.169091 | K12: 0.191464 | L12: 0.686364 | M12: 0.122132 | N12: 43 | O12: 1220 | P12: 1263
A13: 12 | B13: 40555 | C13: 1 | D13: 0 | E13: 1 | F13: 0 | G13: 3 | H13: 1 | I13: 1 | J13: 0.172727 | K13: 0.160473 | L13: 0.599545 | M13: 0.304627 | N13: 25 | O13: 1137 | P13: 1162
... A732: 731 | B732: 41274 | C732: 1 | D732: 1 | E732: 12 | F732: 0 | G732: 1 | H732: 1 | I732: 2 | J732: 0.215833 | K732: 0.223487 | L732: 0.5775 | M732: 0.154846 | N732: 439 | O732: 2290 | P732: 2729
